{
  "development": {
    "username": "postgres",
    "password": "password",
    "database": "todo-dev",
    "host": "db-dev",
    "dialect": "postgres",
    "operatorsAliases": "Op",
    "seederStorage": "sequelize"
  },
  "test": {
    "username": "postgres",
    "password": "admin",
    "database": "todo-test",
    "host": "localhost",
    "dialect": "postgres",
    "operatorsAliases": "Op",
    "seederStorage": "sequelize"
  },
  "production": {
    "username": "postgres",
    "password": "admin",
    "database": "todo-prod",
    "host": "localhost",
    "dialect": "postgres",
    "operatorsAliases": "Op",
    "seederStorage": "sequelize"
  }
}
